customerID,gender,SeniorCitizen,Partner,Dependents,tenure,PhoneService,MultipleLines,InternetService,OnlineSecurity,OnlineBackup,DeviceProtection,TechSupport,StreamingTV,StreamingMovies,Contract,PaperlessBilling,PaymentMethod,MonthlyCharges,TotalCharges,Churn
0811-GSDTP,Female,0,No,Yes,13,No,No phone service,DSL,No,Yes,No,No,No,No,Month-to-month,No,Electronic check,30.15,382.2,No
1970-KKFWL,Female,0,No,No,35,Yes,Yes,No,No internet service,No internet service,No internet service,No internet service,No internet service,No internet service,Two year,No,Bank transfer (automatic),23.3,797.1,No
2892-GESUL,Female,0,Yes,Yes,18,Yes,No,No,No internet service,No internet service,No internet service,No internet service,No internet service,No internet service,Two year,No,Mailed check,19.35,309.25,No
2842-BCQGE,Male,0,No,No,43,Yes,Yes,Fiber optic,No,No,No,No,No,No,Month-to-month,Yes,Credit card (automatic),75.35,3161.4,No
4807-IZYOZ,Female,0,No,No,51,Yes,No,No,No internet service,No internet service,No internet service,No internet service,No internet service,No internet service,Two year,No,Bank transfer (automatic),20.65,1020.75,No
9451-WLYRI,Female,0,Yes,No,53,Yes,No,No,No internet service,No internet service,No internet service,No internet service,No internet service,No internet service,One year,No,Credit card (automatic),19.05,990.45,No
1767-TGTKO,Female,0,Yes,Yes,8,Yes,No,DSL,No,No,No,No,No,No,Month-to-month,Yes,Electronic check,45.45,411.75,No
8033-VCZGH,Male,0,Yes,No,50,Yes,Yes,Fiber optic,Yes,No,Yes,No,Yes,Yes,One year,Yes,Electronic check,103.95,5231.3,No
6689-VRRTK,Female,1,No,No,44,Yes,Yes,Fiber optic,Yes,Yes,Yes,No,Yes,Yes,One year,Yes,Credit card (automatic),109.8,4860.35,No
6997-UVGOX,Male,0,Yes,Yes,71,Yes,No,DSL,Yes,Yes,Yes,Yes,Yes,Yes,Two year,No,Bank transfer (automatic),85.45,6029.9,No
1602-IJQQE,Female,0,No,No,4,Yes,Yes,Fiber optic,No,No,No,No,No,No,Month-to-month,No,Electronic check,75.35,338.1,Yes
6976-BWGLQ,Female,0,Yes,Yes,72,Yes,Yes,No,No internet service,No internet service,No internet service,No internet service,No internet service,No internet service,Two year,No,Bank transfer (automatic),25.2,1787.35,No
8066-POXGX,Female,0,No,No,13,No,No phone service,DSL,No,No,No,No,No,Yes,Month-to-month,Yes,Electronic check,35.1,446.1,Yes
5862-BRIXZ,Male,0,No,No,46,No,No phone service,DSL,Yes,No,Yes,Yes,Yes,Yes,Two year,Yes,Bank transfer (automatic),60.75,2893.4,No
5317-FLPJF,Female,0,No,No,66,No,No phone service,DSL,Yes,No,Yes,Yes,Yes,Yes,Two year,Yes,Bank transfer (automatic),61.35,4193.4,No
4193-IBKSW,Male,0,Yes,Yes,72,Yes,Yes,No,No internet service,No internet service,No internet service,No internet service,No internet service,No internet service,Two year,No,Bank transfer (automatic),24.75,1769.6,No
8680-CGLTP,Male,0,No,No,29,Yes,No,DSL,Yes,Yes,No,Yes,No,No,One year,Yes,Electronic check,58.75,1696.2,No
0616-ATFGB,Male,1,Yes,No,1,No,No phone service,DSL,No,No,No,No,No,No,Month-to-month,No,Electronic check,25.05,25.05,Yes
0426-TIRNE,Female,0,No,No,1,Yes,No,No,No internet service,No internet service,No internet service,No internet service,No internet service,No internet service,Month-to-month,No,Mailed check,20.9,20.9,Yes
5549-ZGHFB,Male,0,Yes,Yes,50,Yes,Yes,No,No internet service,No internet service,No internet service,No internet service,No internet service,No internet service,Two year,No,Mailed check,24.95,1261.45,No
0406-BPDVR,Female,1,Yes,No,54,Yes,Yes,Fiber optic,No,Yes,No,No,Yes,Yes,One year,Yes,Credit card (automatic),101.5,5373.1,Yes
7065-YUNRY,Female,0,No,No,1,Yes,No,DSL,No,No,No,No,No,No,Month-to-month,Yes,Mailed check,45.3,45.3,Yes
9254-RBFON,Female,0,Yes,Yes,17,Yes,No,Fiber optic,No,No,Yes,Yes,Yes,Yes,One year,No,Bank transfer (automatic),98.6,1704.95,Yes
5027-QPKTE,Male,0,Yes,No,7,Yes,No,Fiber optic,No,No,No,No,No,No,Month-to-month,Yes,Electronic check,69.35,451.1,Yes
3714-JTVOV,Female,1,Yes,No,42,Yes,No,Fiber optic,Yes,No,No,No,No,No,Month-to-month,Yes,Credit card (automatic),74.15,3229.4,Yes
1088-CNNKB,Male,0,Yes,No,63,Yes,Yes,DSL,Yes,Yes,Yes,Yes,No,Yes,One year,No,Credit card (automatic),80.0,5040.2,No
2108-YKQTY,Female,0,No,No,4,Yes,No,DSL,No,Yes,No,No,No,No,Month-to-month,No,Credit card (automatic),50.7,151.3,Yes
2469-DTSGX,Female,1,No,No,72,Yes,Yes,Fiber optic,No,Yes,Yes,Yes,Yes,Yes,Two year,No,Electronic check,111.65,7943.45,No
9591-YVTEB,Male,1,No,No,55,No,No phone service,DSL,Yes,Yes,No,No,Yes,No,Month-to-month,Yes,Electronic check,44.85,2479.05,No
7294-TMAOP,Female,0,No,No,1,Yes,No,Fiber optic,No,No,No,No,Yes,Yes,Month-to-month,No,Electronic check,90.55,90.55,Yes
3797-FKOGQ,Male,0,No,Yes,11,Yes,Yes,Fiber optic,No,No,No,No,No,Yes,Month-to-month,No,Electronic check,86.2,893.2,No
2055-BFOCC,Male,1,Yes,No,63,Yes,No,DSL,Yes,Yes,Yes,Yes,Yes,Yes,One year,Yes,Bank transfer (automatic),84.0,5329.55,No
3694-DELSO,Male,0,Yes,Yes,4,No,No phone service,DSL,Yes,No,No,No,Yes,No,Month-to-month,No,Credit card (automatic),38.55,156.1,No
4451-RWASJ,Male,0,Yes,Yes,15,Yes,No,No,No internet service,No internet service,No internet service,No internet service,No internet service,No internet service,One year,Yes,Mailed check,19.5,239.75,No
8735-DCXNF,Male,0,Yes,No,10,Yes,No,DSL,Yes,No,No,Yes,No,No,Month-to-month,Yes,Credit card (automatic),54.95,568.85,No
7407-SUJIZ,Male,0,No,No,25,Yes,No,No,No internet service,No internet service,No internet service,No internet service,No internet service,No internet service,Month-to-month,No,Mailed check,20.6,541.5,No
2237-ZFSMY,Female,0,No,No,39,Yes,No,Fiber optic,Yes,No,Yes,Yes,Yes,No,One year,Yes,Electronic check,95.55,3692.85,Yes
5150-ITWWB,Male,1,No,No,3,Yes,Yes,Fiber optic,No,No,No,No,Yes,Yes,Month-to-month,Yes,Electronic check,94.85,335.75,No
2408-TZMJL,Male,0,Yes,No,59,Yes,Yes,Fiber optic,Yes,Yes,Yes,No,Yes,Yes,One year,Yes,Electronic check,110.15,6448.05,Yes
6388-TABGU,Male,0,No,Yes,62,Yes,No,DSL,Yes,Yes,No,No,No,No,One year,No,Bank transfer (automatic),56.15,3487.95,No
9606-PBKBQ,Male,1,Yes,No,32,Yes,Yes,Fiber optic,No,No,No,No,No,Yes,Month-to-month,Yes,Electronic check,85.0,2642.05,Yes
6723-WSNTY,Female,1,Yes,No,66,Yes,Yes,Fiber optic,No,Yes,Yes,Yes,Yes,Yes,One year,Yes,Credit card (automatic),108.1,7181.95,No
0479-HMSWA,Female,0,No,Yes,26,Yes,No,Fiber optic,No,Yes,Yes,Yes,Yes,Yes,Two year,Yes,Electronic check,105.45,2715.3,No
1636-NTNCO,Male,1,No,No,4,No,No phone service,DSL,No,Yes,No,No,Yes,Yes,Month-to-month,Yes,Credit card (automatic),50.95,207.35,No
8672-OAUPW,Male,0,No,Yes,51,Yes,No,DSL,No,No,No,Yes,No,No,One year,No,Credit card (automatic),47.85,2356.75,No
0733-VUNUW,Male,0,No,No,24,Yes,Yes,DSL,Yes,No,No,No,No,No,Month-to-month,Yes,Bank transfer (automatic),55.65,1400.55,Yes
9888-ZCUMM,Male,0,Yes,Yes,64,No,No phone service,DSL,Yes,No,Yes,Yes,Yes,Yes,Two year,Yes,Bank transfer (automatic),60.05,3845.45,No
4718-DHSMV,Female,0,No,No,11,No,No phone service,DSL,No,No,No,No,Yes,No,Month-to-month,Yes,Mailed check,35.8,363.15,No
3043-TYBNO,Male,0,No,No,3,Yes,No,DSL,No,No,No,Yes,No,Yes,Month-to-month,No,Mailed check,60.65,196.9,No
8823-RLPWL,Female,0,Yes,No,72,Yes,Yes,Fiber optic,Yes,Yes,Yes,No,Yes,Yes,Two year,Yes,Credit card (automatic),110.65,8065.65,No
6479-VDGRK,Female,0,Yes,Yes,72,Yes,No,DSL,Yes,Yes,Yes,Yes,Yes,Yes,Two year,No,Bank transfer (automatic),85.3,6129.2,No
9108-EQPNQ,Female,0,Yes,Yes,10,Yes,Yes,No,No internet service,No internet service,No internet service,No internet service,No internet service,No internet service,Two year,No,Credit card (automatic),26.1,225.55,No
9300-AGZNL,Male,1,No,No,1,Yes,Yes,Fiber optic,No,No,No,No,Yes,Yes,Month-to-month,Yes,Electronic check,94.0,94.0,Yes
3244-CQPHU,Female,1,No,No,72,Yes,Yes,Fiber optic,Yes,Yes,No,Yes,Yes,Yes,Two year,Yes,Bank transfer (automatic),110.1,7746.7,No
5840-NVDCG,Female,0,Yes,Yes,16,Yes,No,DSL,Yes,Yes,No,Yes,No,Yes,Two year,No,Bank transfer (automatic),68.25,1114.85,No
2460-FPSYH,Female,1,No,No,40,No,No phone service,DSL,Yes,Yes,No,No,Yes,Yes,Month-to-month,Yes,Electronic check,55.8,2109.35,Yes
2446-BEGGB,Female,1,No,No,6,Yes,Yes,Fiber optic,No,Yes,No,No,Yes,Yes,Month-to-month,Yes,Electronic check,98.25,560.6,Yes
4855-SNKMY,Female,0,No,No,1,Yes,No,DSL,No,No,No,No,No,No,Month-to-month,Yes,Electronic check,44.1,44.1,Yes
4079-VTGLK,Male,1,Yes,No,30,Yes,Yes,DSL,No,No,Yes,No,Yes,Yes,Two year,No,Electronic check,74.85,2181.75,No
5982-PSMKW,Female,0,Yes,Yes,23,Yes,Yes,DSL,Yes,Yes,Yes,Yes,Yes,Yes,Two year,Yes,Credit card (automatic),91.1,2198.3,No
7249-WBIYX,Male,0,Yes,No,10,Yes,Yes,Fiber optic,No,No,No,No,Yes,No,Month-to-month,Yes,Electronic check,85.6,813.85,Yes
9600-UDOPK,Male,0,Yes,No,30,Yes,Yes,Fiber optic,No,No,No,No,Yes,Yes,Month-to-month,Yes,Credit card (automatic),94.05,2866.45,Yes
9603-OAIHC,Male,1,No,No,1,Yes,No,Fiber optic,No,No,No,No,No,No,Month-to-month,Yes,Electronic check,70.05,70.05,No
4029-HPFVY,Male,0,No,No,3,Yes,No,Fiber optic,No,No,No,No,No,No,Month-to-month,Yes,Mailed check,70.3,220.4,No
5781-BKHOP,Female,0,Yes,No,72,Yes,Yes,Fiber optic,Yes,Yes,Yes,No,Yes,No,Two year,No,Bank transfer (automatic),100.65,7334.05,No
2984-RGEYA,Female,0,Yes,Yes,69,Yes,No,No,No internet service,No internet service,No internet service,No internet service,No internet service,No internet service,Two year,No,Bank transfer (automatic),19.75,1375.4,No
5127-BZENZ,Female,0,Yes,Yes,56,Yes,Yes,DSL,Yes,No,No,No,Yes,No,One year,No,Bank transfer (automatic),65.2,3512.15,No
6234-PFPXL,Male,0,Yes,No,22,Yes,Yes,Fiber optic,Yes,No,No,Yes,Yes,No,Month-to-month,No,Credit card (automatic),95.9,2234.95,No
8654-DHAOW,Female,0,No,No,2,Yes,Yes,DSL,No,Yes,No,No,No,No,Month-to-month,No,Mailed check,54.15,101.65,No
6341-AEVKX,Female,0,Yes,No,62,Yes,No,Fiber optic,Yes,No,Yes,Yes,Yes,Yes,One year,Yes,Electronic check,104.3,6613.65,No
5899-OUVKV,Male,0,No,No,31,Yes,No,Fiber optic,No,Yes,No,No,Yes,Yes,Month-to-month,Yes,Electronic check,94.5,2979.2,No
1813-JLKWR,Female,0,Yes,Yes,64,Yes,No,No,No internet service,No internet service,No internet service,No internet service,No internet service,No internet service,One year,No,Bank transfer (automatic),19.8,1336.65,No
2568-BRGYX,Male,0,No,No,4,Yes,No,Fiber optic,No,No,No,No,No,No,Month-to-month,Yes,Electronic check,70.2,237.95,Yes
0599-XNYDO,Female,0,Yes,No,20,Yes,No,Fiber optic,No,No,No,No,No,No,Month-to-month,Yes,Bank transfer (automatic),69.8,1540.35,No
0440-MOGPM,Female,0,No,No,41,Yes,Yes,DSL,No,Yes,Yes,No,Yes,Yes,One year,Yes,Electronic check,80.55,3263.9,No
4760-XOHVN,Female,0,Yes,Yes,1,Yes,No,No,No internet service,No internet service,No internet service,No internet service,No internet service,No internet service,Month-to-month,No,Mailed check,19.45,19.45,Yes
6060-QBMGV,Male,0,Yes,No,70,Yes,No,No,No internet service,No internet service,No internet service,No internet service,No internet service,No internet service,Two year,No,Credit card (automatic),19.85,1433.8,No
4378-BZYFP,Male,0,No,No,17,Yes,No,No,No internet service,No internet service,No internet service,No internet service,No internet service,No internet service,One year,Yes,Mailed check,20.5,365.8,No
0876-WDUUZ,Female,0,No,No,5,Yes,No,Fiber optic,No,No,No,Yes,No,Yes,Month-to-month,Yes,Credit card (automatic),85.4,425.9,Yes
7707-PYBBH,Male,0,No,No,40,Yes,No,DSL,Yes,Yes,No,Yes,No,No,Month-to-month,Yes,Mailed check,61.9,2647.1,No
8976-OQHGT,Female,0,Yes,Yes,4,Yes,No,DSL,No,Yes,No,Yes,No,No,Month-to-month,No,Mailed check,56.5,235.1,Yes
3638-VBZTA,Male,0,No,Yes,68,Yes,Yes,DSL,Yes,Yes,No,Yes,Yes,Yes,Two year,Yes,Bank transfer (automatic),86.5,5882.75,No
0565-IYCGT,Male,0,No,No,69,Yes,Yes,DSL,Yes,Yes,Yes,Yes,No,Yes,One year,Yes,Credit card (automatic),78.6,5356.45,Yes
1096-ADRUX,Female,0,Yes,Yes,66,Yes,Yes,Fiber optic,No,No,No,No,No,No,One year,Yes,Bank transfer (automatic),74.25,4859.25,No
5275-SQEIZ,Male,0,No,No,1,Yes,No,Fiber optic,No,No,No,No,No,Yes,Month-to-month,Yes,Mailed check,80.85,80.85,Yes
5702-KVQRD,Male,0,Yes,No,71,Yes,No,DSL,Yes,No,Yes,Yes,Yes,Yes,Two year,Yes,Electronic check,82.55,5832.65,No
0956-SYCWG,Female,0,No,No,13,Yes,No,No,No internet service,No internet service,No internet service,No internet service,No internet service,No internet service,One year,No,Electronic check,19.65,244.8,No
5442-BHQNG,Female,0,No,No,2,Yes,No,Fiber optic,No,No,No,No,No,No,Month-to-month,No,Electronic check,70.35,139.25,No
1548-ARAGG,Female,0,Yes,Yes,4,Yes,Yes,DSL,No,Yes,No,Yes,No,No,Month-to-month,Yes,Mailed check,58.5,224.85,No
1329-VHWNP,Female,0,No,No,7,No,No phone service,DSL,No,No,No,No,No,No,Month-to-month,No,Bank transfer (automatic),25.05,189.95,No
5458-CQJTA,Male,0,Yes,Yes,65,Yes,No,DSL,Yes,No,No,Yes,Yes,Yes,Two year,Yes,Bank transfer (automatic),74.8,4820.15,Yes
4609-KNNWG,Female,0,Yes,Yes,27,Yes,No,No,No internet service,No internet service,No internet service,No internet service,No internet service,No internet service,Two year,No,Mailed check,19.9,550.1,No
6538-POCHL,Male,0,No,No,33,Yes,No,Fiber optic,No,Yes,Yes,No,No,No,Month-to-month,Yes,Credit card (automatic),79.0,2576.8,No
1307-TVUFB,Male,1,No,No,42,Yes,Yes,Fiber optic,No,Yes,No,No,No,No,Month-to-month,Yes,Bank transfer (automatic),79.35,3344.1,No
6695-AMZUF,Female,0,Yes,No,70,Yes,No,DSL,Yes,Yes,Yes,Yes,Yes,Yes,Two year,No,Credit card (automatic),86.45,5950.2,No
6131-IUNXN,Female,0,Yes,Yes,19,Yes,No,No,No internet service,No internet service,No internet service,No internet service,No internet service,No internet service,Month-to-month,No,Mailed check,20.2,382.2,No
4950-BDEUX,Male,0,No,No,35,No,No phone service,DSL,No,No,Yes,No,Yes,Yes,Month-to-month,No,Electronic check,49.2,1701.65,No
6267-DCFFZ,Female,1,Yes,No,30,Yes,Yes,Fiber optic,No,Yes,No,No,Yes,No,Month-to-month,Yes,Electronic check,90.05,2627.2,No
8348-JLBUG,Male,1,Yes,No,64,Yes,No,Fiber optic,Yes,No,Yes,No,No,No,One year,No,Credit card (automatic),80.3,5017.7,No
6253-GNHWH,Female,0,Yes,Yes,71,Yes,Yes,DSL,Yes,Yes,Yes,Yes,No,No,Two year,No,Mailed check,71.1,5224.95,No
